<?xml version="1.0" encoding="UTF-8"?>
<project-private xmlns="http://www.netbeans.org/ns/project-private/1">
    <editor-bookmarks xmlns="http://www.netbeans.org/ns/editor-bookmarks/2" lastBookmarkId="0"/>
    <open-files xmlns="http://www.netbeans.org/ns/projectui-open-files/2">
        <group>
            <file>file:/C:/Users/afwadmin/Documents/NetBeansProjects/Supermarket/src/supermarket/Supermarket.java</file>
            <file>file:/C:/Users/afwadmin/Documents/NetBeansProjects/Supermarket/src/supermarket/Selling.java</file>
            <file>file:/C:/Users/afwadmin/Documents/NetBeansProjects/Supermarket/src/supermarket/Splash.java</file>
            <file>file:/C:/Users/afwadmin/Documents/NetBeansProjects/Supermarket/src/supermarket/Products.java</file>
            <file>file:/C:/Users/afwadmin/Documents/NetBeansProjects/Supermarket/src/supermarket/UpdateAdmin.java</file>
            <file>file:/C:/Users/afwadmin/Documents/NetBeansProjects/Supermarket/src/supermarket/Category.java</file>
            <file>file:/C:/Users/afwadmin/Documents/NetBeansProjects/Supermarket/src/supermarket/Login.java</file>
            <file>file:/C:/Users/afwadmin/Documents/NetBeansProjects/Supermarket/src/supermarket/Seller.java</file>
        </group>
    </open-files>
</project-private>
